Datetime,Water Level (m)
2026-07-12 12:00:00,0.20784478
2026-07-12 13:00:00,0.7004981
2026-07-12 14:00:00,1.0324287
2026-07-12 15:00:00,1.2188364
2026-07-12 16:00:00,1.166349
2026-07-12 17:00:00,0.85423106
2026-07-12 18:00:00,0.41678852
2026-07-12 19:00:00,0.050807495
2026-07-12 20:00:00,-0.23975669
2026-07-12 21:00:00,-0.49066037
2026-07-12 22:00:00,-0.6376359
2026-07-12 23:00:00,-0.5227861
2026-07-13 00:00:00,0.07327554
2026-07-13 01:00:00,0.72595066
2026-07-13 02:00:00,1.2190999
2026-07-13 03:00:00,1.5763698
2026-07-13 04:00:00,1.7083329
2026-07-13 05:00:00,1.5871202
2026-07-13 06:00:00,1.2131749
2026-07-13 07:00:00,0.713721
2026-07-13 08:00:00,0.31330603
2026-07-13 09:00:00,-0.0040003657
2026-07-13 10:00:00,-0.25983322
2026-07-13 11:00:00,-0.43272382
2026-07-13 12:00:00,-0.37602812
2026-07-13 13:00:00,0.20972054
2026-07-13 14:00:00,0.82591003
2026-07-13 15:00:00,1.1823852
2026-07-13 16:00:00,1.3316916
2026-07-13 17:00:00,1.2418355
2026-07-13 18:00:00,0.87518966
2026-07-13 19:00:00,0.4137783
2026-07-13 20:00:00,0.04338433
2026-07-13 21:00:00,-0.25894275
2026-07-13 22:00:00,-0.52213466
2026-07-13 23:00:00,-0.69130665
2026-07-14 00:00:00,-0.60951114
2026-07-14 01:00:00,0.069812305
2026-07-14 02:00:00,0.83403575
2026-07-14 03:00:00,1.4002384
2026-07-14 04:00:00,1.7578219
2026-07-14 05:00:00,1.8235674
2026-07-14 06:00:00,1.5956765
2026-07-14 07:00:00,1.1046636
2026-07-14 08:00:00,0.6123382
2026-07-14 09:00:00,0.2503114
2026-07-14 10:00:00,-0.06116034
2026-07-14 11:00:00,-0.31909534
2026-07-14 12:00:00,-0.48843706
2026-07-14 13:00:00,-0.3842279
2026-07-14 14:00:00,0.29353955
2026-07-14 15:00:00,0.9810087
2026-07-14 16:00:00,1.3790457
2026-07-14 17:00:00,1.5284953
2026-07-14 18:00:00,1.3810325
2026-07-14 19:00:00,0.9219913
2026-07-14 20:00:00,0.42915106
2026-07-14 21:00:00,0.07394902
2026-07-14 22:00:00,-0.22751936
2026-07-14 23:00:00,-0.4843691
2026-07-15 00:00:00,-0.6332106
2026-07-15 01:00:00,-0.47156906
2026-07-15 02:00:00,0.23788144
2026-07-15 03:00:00,1.0088129
2026-07-15 04:00:00,1.5662866
2026-07-15 05:00:00,1.9141229
2026-07-15 06:00:00,1.9421632
2026-07-15 07:00:00,1.6280786
2026-07-15 08:00:00,1.0738122
2026-07-15 09:00:00,0.57281834
2026-07-15 10:00:00,0.20416005
2026-07-15 11:00:00,-0.11631653
2026-07-15 12:00:00,-0.37402853
2026-07-15 13:00:00,-0.5222069
2026-07-15 14:00:00,-0.25899303
2026-07-15 15:00:00,0.48335207
2026-07-15 16:00:00,1.1536851
2026-07-15 17:00:00,1.5041782
2026-07-15 18:00:00,1.6054698
2026-07-15 19:00:00,1.4036505
2026-07-15 20:00:00,0.9188651
2026-07-15 21:00:00,0.43925193
2026-07-15 22:00:00,0.093112305
2026-07-15 23:00:00,-0.21332367
2026-07-16 00:00:00,-0.4674147
2026-07-16 01:00:00,-0.5991724
2026-07-16 02:00:00,-0.3157248
2026-07-16 03:00:00,0.46444735
2026-07-16 04:00:00,1.2415094
2026-07-16 05:00:00,1.7538974
2026-07-16 06:00:00,1.9939948
2026-07-16 07:00:00,1.9203262
2026-07-16 08:00:00,1.4946902
2026-07-16 09:00:00,0.9258186
2026-07-16 10:00:00,0.46931034
2026-07-16 11:00:00,0.11988337
2026-07-16 12:00:00,-0.18132046
2026-07-16 13:00:00,-0.41490138
2026-07-16 14:00:00,-0.48950487
2026-07-16 15:00:00,-0.0049954043
2026-07-16 16:00:00,0.7375687
2026-07-16 17:00:00,1.3263696
2026-07-16 18:00:00,1.6335729
2026-07-16 19:00:00,1.6554339
2026-07-16 20:00:00,1.340031
2026-07-16 21:00:00,0.80421525
2026-07-16 22:00:00,0.3605069
2026-07-16 23:00:00,0.029392378
2026-07-17 00:00:00,-0.25252903
2026-07-17 01:00:00,-0.46432418
2026-07-17 02:00:00,-0.51424164
2026-07-17 03:00:00,-0.008281164
2026-07-17 04:00:00,0.7581707
2026-07-17 05:00:00,1.4299632
2026-07-17 06:00:00,1.8542817
2026-07-17 07:00:00,1.9746011
2026-07-17 08:00:00,1.7901083
2026-07-17 09:00:00,1.2875683
2026-07-17 10:00:00,0.74595475
2026-07-17 11:00:00,0.34320444
2026-07-17 12:00:00,0.012668988
2026-07-17 13:00:00,-0.25568968
2026-07-17 14:00:00,-0.4480139
2026-07-17 15:00:00,-0.41991696
2026-07-17 16:00:00,0.20942429
2026-07-17 17:00:00,0.9312344
2026-07-17 18:00:00,1.4150103
2026-07-17 19:00:00,1.6330023
2026-07-17 20:00:00,1.5676137
2026-07-17 21:00:00,1.1739873
2026-07-17 22:00:00,0.6745368
2026-07-17 23:00:00,0.28745618
2026-07-18 00:00:00,-0.019107731
2026-07-18 01:00:00,-0.27870157
2026-07-18 02:00:00,-0.4461626
2026-07-18 03:00:00,-0.37753388
2026-07-18 04:00:00,0.25716007
2026-07-18 05:00:00,1.0022347
2026-07-18 06:00:00,1.536438
2026-07-18 07:00:00,1.8336062
2026-07-18 08:00:00,1.82942
2026-07-18 09:00:00,1.5156323
2026-07-18 10:00:00,1.0084264
2026-07-18 11:00:00,0.55456203
2026-07-18 12:00:00,0.20598795
